eNodeB,Feature,Min,Max,Mean,Std. Deviation,Variance,Skewness,Kurtosis,Sum,Median,Missing,Row count
TRI022L,ps_traffic_volume_gb,1249.5764,2632.1006,1993.7272143958867,245.8209589675117,60427.943867707065,0.3196424940827045,-0.0931664906494789,775559.8864,1974.9995999999999,0,389
TRI022L,ul_prb_util_%,0.09400666666666667,0.1882,0.1450837789203085,0.01979077504813747,0.0003916747770059806,0.2620316970732871,-0.819853946172469,56.43759,0.1408866666666667,0,389
TRI022L,dl_prb_available_bandwidth,77.0,100.0,96.74670094258784,5.649827400476896,31.92054965517952,-1.2894450886618984,-0.005938810679820161,37634.46666666667,100.0,0,389
TRI022L,mean_no_rrc_users,316.6208,721.196,507.71604858611823,80.34253780737137,6454.923381328897,0.6289714028514317,0.2867905206907526,197501.5429,491.1605,0,389
TRI022L,max_active_no_users_uplane,337.0,974.0,537.2005141388174,78.60160474046454,6178.212267776216,0.9559236214039999,2.101112615407586,208971.0,523.0,0,389
TRI022L,rrc_success_rate_%,0.9838533333333334,0.9998333333333334,0.9991830891173951,0.001731145486479832,2.996864695359494e-06,-6.74972453907342,46.04748128111795,388.6822216666667,0.9994533333333333,0,389
TRI022L,erab_setup_success_rate_%,0.97764,0.99976,0.9987414867180806,0.0016133329771442135,2.6028432951410114e-06,-8.821932598640368,100.5469976506288,388.51043833333335,0.9990933333333333,0,389
TRI022L,erab_drop_rate_%,6.666666666666667e-05,0.009283333333333333,0.00046748500428449015,0.0007330048038826886,5.372960425150988e-07,9.604917039060064,105.03060120843948,0.18185166666666666,0.0003933333333333333,0,389
TRI022L,rrc_drop_rate_%,0.00010666666666666667,0.2642333333333333,0.0032566195372750644,0.019063534961048484,0.00036341836521111787,10.491860038118945,122.46298142346697,1.266825,0.0005083333333333334,0,389
TRI022L,cell_ul_bler_rate_%,0.04827333333333333,0.08048333333333334,0.060245685518423304,0.004864148104801066,2.3659936785439803e-05,0.9644645703241174,3.913135383046594,23.435571666666664,0.06061333333333333,0,389
TRI022L,cell_dl_bler_rate_%,0.07329166666666666,0.09579166666666666,0.08132032133676093,0.0037168249724925666,1.3814787876144368e-05,1.2935957836300438,5.422853318902831,31.633605,0.08148666666666667,0,389
TRI022L,dl_avg_mcs,8.275,9.537333333333333,8.769832047986291,0.2738065262473492,0.07497001381564031,0.24098555827706317,-0.6849419680492352,3411.464666666667,8.759333333333332,0,389
TRI022L,ul_avg_mcs,13.891666666666666,17.573333333333334,15.546557840616966,0.8665190889314616,0.7508553314826102,0.3166503800627497,-0.6947438406977247,6047.611,15.502666666666666,0,389
TRI022L,avg_cqi,8.611158333333334,9.48354,9.012921276778064,0.20373515903999004,0.041508015029050035,-0.12563256834328335,-0.784537761400288,3506.0263766666667,9.042286666666666,0,389
TRI022L,avg_ta_km,0.33166666666666667,0.5033333333333333,0.40164867180805486,0.04198209938149398,0.0017624966684776369,0.8933038729042792,-0.4086868806793573,156.24133333333333,0.39066666666666666,0,389
TRI022L,avg_rssi_dbm,-87.00065333333333,-82.00056666666667,-84.1434360411311,0.9414459210841043,0.8863204223258975,0.10495801306964493,-0.5816483848586156,-32731.796619999997,-84.27340000000001,0,389
TRI022L,outgoing_ho_success_rate_%,0.9785799999999999,0.99842,0.9964153898886033,0.0019677743358930797,3.87213583699945e-06,-4.69797592736158,29.306047663041902,387.6055866666667,0.9967866666666667,0,389
TRI022L,intra_rat_ho_success_rate_%,0.9838333333333333,0.9987933333333333,0.9965868551842331,0.0013459370339308353,1.8115464993065346e-06,-3.516673396342197,24.175876454637518,387.67228666666665,0.9969066666666666,0,389
TRI022L,no_ping_pong_ho_count,0.0,73142.0,12076.817480719794,21769.25731677168,473900564.1238174,1.3512324396310222,0.061474629313929,4697882.0,0.0,0,389
TRI055L,ps_traffic_volume_gb,359.4758,1551.4877,1265.5672118556702,100.81607231704052,10163.880437434744,-2.705516159921246,21.943297970485997,491040.0782,1268.4965499999998,0,388
TRI055L,ul_prb_util_%,0.18836666666666668,0.32653333333333334,0.22329875429553264,0.017656558035304817,0.0003117540416540871,1.1262373146540707,2.785099391074328,86.63991666666666,0.21991666666666665,0,388
TRI055L,dl_prb_available_bandwidth,60.0,100.0,96.9201030927835,5.640505776586085,31.815305415701,-1.7200296792225624,3.7449037344526386,37605.0,100.0,0,388
TRI055L,mean_no_rrc_users,287.2976,457.24170000000004,358.9396690721649,22.744938626481282,517.3322331224002,1.2016160889760192,2.402280693683984,139268.59159999999,354.68435,0,388
TRI055L,max_active_no_users_uplane,298.0,629.0,390.28092783505156,32.83457790369235,1078.109506113642,3.111248164066543,16.091922217057157,151429.0,385.0,0,388
TRI055L,rrc_success_rate_%,0.9863666666666666,0.9998,0.9993067439862545,0.0007099652992461774,5.040507261337143e-07,-15.751758511249056,286.6578384719879,387.73101666666673,0.9993833333333333,0,388
TRI055L,erab_setup_success_rate_%,0.9772500000000001,0.9995166666666666,0.9987073453608247,0.0017370404513340246,3.017309529570712e-06,-9.92528144392926,106.77541741823515,387.49845,0.9989333333333333,0,388
TRI055L,erab_drop_rate_%,0.00016666666666666666,0.02055,0.0007581615120274915,0.0010921768369428673,1.1928502431545266e-06,15.957586947318017,282.57524134232983,0.2941666666666667,0.0007166666666666667,0,388
TRI055L,rrc_drop_rate_%,0.00016666666666666666,0.02345,0.0008641752577319588,0.0020829299057964416,4.3385969924611725e-06,9.008154133606316,86.13401047245819,0.33530000000000004,0.0005833333333333333,0,388
TRI055L,cell_ul_bler_rate_%,0.05623333333333333,0.0678,0.06222487113402062,0.0018879954903492718,3.5645269715791868e-06,0.17380085946376408,0.5188823924651902,24.143250000000002,0.062150000000000004,0,388
TRI055L,cell_dl_bler_rate_%,0.07406666666666667,0.08806666666666667,0.08210038659793815,0.0025777091108476965,6.644584260147223e-06,0.20834040365358106,-0.6374284705316171,31.854950000000002,0.08168333333333333,0,388
TRI055L,dl_avg_mcs,9.446666666666667,10.626666666666667,9.916413230240549,0.21746619242749585,0.04729154484891265,-0.06755240355463825,-0.5034975231662542,3847.568333333333,9.949166666666667,0,388
TRI055L,ul_avg_mcs,12.01,16.173333333333332,14.758350515463917,1.145577140598337,1.312346985061462,-0.9677480970560494,-0.6339306179179429,5726.24,15.226666666666667,0,388
TRI055L,avg_cqi,8.828466666666666,9.93625,9.456482001718213,0.2243611488350998,0.050337925106605806,-0.18396410915510725,-0.8495695605934213,3669.1150166666666,9.496475,0,388
TRI055L,avg_ta_km,0.25666666666666665,0.29,0.27492268041237117,0.006580605660705644,4.330437086171116e-05,-0.6590459532156903,-0.135230485927468,106.67000000000002,0.27666666666666667,0,388
TRI055L,avg_rssi_dbm,-96.67853333333333,-81.75566666666667,-84.01589278350517,0.97256720349119,0.9458869653066737,-5.553009220729804,73.12820459196419,-32598.166400000002,-84.06708333333333,0,388
TRI055L,outgoing_ho_success_rate_%,0.9729166666666668,0.9985666666666667,0.9974300687285222,0.0016042483062331748,2.5736126280520102e-06,-10.048458065365521,143.5646344837545,387.00286666666665,0.9978583333333333,0,388
TRI055L,intra_rat_ho_success_rate_%,0.9928833333333333,0.9990833333333332,0.997347379725086,0.0010030657176392365,1.0061408339031167e-06,-1.4830147073884774,2.4735610237745553,386.9707833333334,0.9975833333333334,0,388
TRI055L,no_ping_pong_ho_count,0.0,28415.0,5235.0025773195875,9090.929101026471,82644991.91988997,1.2536523175032044,-0.2723103705315477,2031181.0,0.0,0,388
TRI1007L,ps_traffic_volume_gb,668.3604,1318.7793,1000.4771925449872,116.46031297899242,13563.00449916487,0.06449934990511204,-0.8637594024098014,389185.6279,1002.6563,0,389
TRI1007L,ul_prb_util_%,0.15593333333333334,0.29955,0.196740059982862,0.019447217341791858,0.00037819426233888997,0.5382193687481589,2.5792490696240895,76.53188333333333,0.19918333333333335,0,389
TRI1007L,dl_prb_available_bandwidth,85.0,100.0,97.02227934875751,5.331433892077162,28.42418734558904,-1.2452077168873261,-0.4437608397015431,37741.66666666667,100.0,0,389
TRI1007L,mean_no_rrc_users,261.5642,506.82890000000003,327.7589532133676,39.102886396004536,1529.0357244988363,0.8471216262845103,1.0477413764759147,127498.2328,324.0177,0,389
TRI1007L,max_active_no_users_uplane,281.0,614.0,366.1156812339332,40.52146543107285,1641.9891606816316,1.8416977928444047,7.68176833952676,142419.0,364.0,0,389
TRI1007L,rrc_success_rate_%,0.9758333333333334,0.9997000000000001,0.9988641816623822,0.0012674371843090137,1.6063970161691607e-06,-15.699795107714502,282.84663367270605,388.5581666666667,0.9989833333333333,0,389
TRI1007L,erab_setup_success_rate_%,0.99405,0.99965,0.998616323907455,0.0005739387309321142,3.2940566686396576e-07,-1.967597193255482,11.75062565529137,388.46175,0.9986666666666667,0,389
TRI1007L,erab_drop_rate_%,0.0008666666666666666,0.006066666666666667,0.0020263924592973438,0.0007511763086813943,5.642658467242055e-07,1.2156306715961556,2.4370007343094775,0.7882666666666667,0.0018666666666666666,0,389
TRI1007L,rrc_drop_rate_%,0.0009000000000000001,0.008849999999999998,0.0025561696658097685,0.00116089351366203,1.347673750062574e-06,1.5870515012764441,4.41770359337697,0.99435,0.0022666666666666664,0,389
TRI1007L,cell_ul_bler_rate_%,0.054933333333333334,0.08356666666666666,0.06385094258783205,0.0046864332505757505,2.196265661210199e-05,1.8390872649669552,4.977523362912866,24.838016666666668,0.0631,0,389
TRI1007L,cell_dl_bler_rate_%,0.09583333333333333,0.12185,0.10481173950299914,0.005950044820319477,3.5403033363810636e-05,0.7468620203676494,-0.14053702704312654,40.771766666666664,0.10346666666666667,0,389
TRI1007L,dl_avg_mcs,8.558333333333334,11.516666666666667,10.179914310197088,0.7106489387688341,0.5050219141732701,-0.6184913736516974,-0.9976234295097495,3959.986666666667,10.453333333333333,0,389
TRI1007L,ul_avg_mcs,11.700000000000001,15.456666666666665,13.76500856898029,0.7234031867514918,0.5233121706022138,-0.26688310544440097,-0.3550268618124708,5354.588333333333,13.735,0,389
TRI1007L,avg_cqi,7.667066666666667,8.913366666666667,8.401013410454157,0.3624896782797522,0.13139876685935825,-0.7950508262464159,-0.9517950755723414,3267.994216666667,8.569366666666667,0,389
TRI1007L,avg_ta_km,0.30833333333333335,0.41500000000000004,0.3639674378748929,0.029166751536046084,0.0008506993951654466,-0.13022636467187895,-1.5683238614786223,141.58333333333334,0.3766666666666667,0,389
TRI1007L,avg_rssi_dbm,-84.1674,-79.44343333333335,-82.26046066838046,0.6206831301554564,0.3852475480595752,0.6059234060128339,1.0017169852799528,-31999.319199999998,-82.39218333333334,0,389
TRI1007L,outgoing_ho_success_rate_%,0.9720666666666666,0.9984500000000001,0.9944634532990574,0.003440836742485005,1.183935748843482e-05,-2.7825544990791604,14.20104695782185,386.8462833333333,0.9951,0,389
TRI1007L,intra_rat_ho_success_rate_%,0.9646,0.9989166666666667,0.9939908311910882,0.004476464822657075,2.0038737308486238e-05,-3.0190323459593946,15.091588396596938,386.6624333333333,0.9952833333333334,0,389
TRI1007L,no_ping_pong_ho_count,0.0,31246.0,5836.976863753213,10506.446831722598,110385425.02781384,1.3285618958466,-0.07447515944539429,2270584.0,0.0,0,389
TRI165L,ps_traffic_volume_gb,0.0,1383.9004,838.9167318766066,244.20715096080545,59637.13258039362,-0.36136320609555594,-0.2952534279117933,326338.6087,908.1108,0,389
TRI165L,ul_prb_util_%,0.0,0.17633333333333334,0.11093613253356181,0.020702547994120257,0.0004285954934488526,-1.5616537491498033,6.992424271408527,43.15415555555555,0.11214444444444445,0,389
TRI165L,dl_prb_available_bandwidth,0.0,100.0,95.74235932590688,11.61817018110531,134.98187835712457,-6.172705426377353,46.68690396748271,37243.777777777774,100.0,0,389
TRI165L,mean_no_rrc_users,0.0,299.5195,190.8918676092545,59.3796082805319,3525.9378795494126,-0.23136399024002607,-0.6913015406864829,74256.9365,204.22140000000002,0,389
TRI165L,max_active_no_users_uplane,0.0,534.0,228.51413881748073,76.14211435158032,5797.621577929134,0.11284036373075991,0.22216989180323177,88892.0,247.0,0,389
TRI165L,rrc_success_rate_%,0.9949111111111111,1.0,0.9989690231362468,0.0004900944644345838,2.401925840694216e-07,-2.1830627668118514,12.166237300667236,388.59895,0.9990888888888888,0,389
TRI165L,erab_setup_success_rate_%,0.9746222222222222,1.0,0.9986541416738075,0.001877747060753532,3.5259340241685284e-06,-8.038008799250907,82.1642877530301,388.4764611111111,0.9990166666666666,0,389
TRI165L,erab_drop_rate_%,0.0,0.0036333333333333335,0.0004556555269922879,0.0003152490921592454,9.93819901072284e-08,4.133224627334244,34.905985362335414,0.17725,0.00046666666666666666,0,389
TRI165L,rrc_drop_rate_%,0.0,0.05774444444444445,0.0011690374178806057,0.003506398326728837,1.229482922568679e-05,12.42763664203418,182.87528603838254,0.4547555555555556,0.0007,0,389
TRI165L,cell_ul_bler_rate_%,0.0,0.09133333333333334,0.0610474293059126,0.009305773239104354,8.659741557763075e-05,-2.2856583693180967,18.765328260134922,23.74745,0.06132222222222223,0,389
TRI165L,cell_dl_bler_rate_%,0.0,0.1043,0.08729155955441303,0.012098686501247806,0.00014637821505547588,-4.0559091314908455,25.889376173635,33.95641666666667,0.08956666666666667,0,389
TRI165L,dl_avg_mcs,8.266666666666667,10.137777777777778,8.959802308802308,0.33741227122613154,0.11384704077397655,0.23283034351070417,-0.40043053300731213,3449.523888888889,8.955555555555556,4,389
TRI165L,ul_avg_mcs,11.435555555555556,17.87666666666667,14.988497835497835,1.4781761654516379,2.1850047761093077,-0.3101936131779161,-0.7463778029360584,5770.571666666667,15.041111111111112,4,389
TRI165L,avg_cqi,0.0,10.491983333333332,9.504631733790346,1.036363240958858,1.0740487672107477,-7.94192487928256,71.09696520043674,3697.3017444444445,9.586616666666666,0,389
TRI165L,avg_ta_km,0.2333333333333333,0.5677777777777778,0.3832756132756133,0.11465399702448265,0.013145539033690076,0.09893230055990916,-1.595642580272135,147.56111111111113,0.40555555555555556,4,389
TRI165L,avg_rssi_dbm,-105.67616666666667,-85.77144444444444,-88.13591912310767,2.157844702405387,4.656293759698993,-5.470932384259967,41.51211705388717,-34284.872538888885,-87.98147777777778,0,389
TRI165L,outgoing_ho_success_rate_%,0.9845333333333333,1.0,0.9948902599257354,0.0013828192203453615,1.9121889961565537e-06,-0.9384142960139978,8.964544907256169,387.0123111111111,0.9949499999999999,0,389
TRI165L,intra_rat_ho_success_rate_%,0.9691333333333333,1.0,0.9933017566409598,0.004092049320639424,1.6744867642545576e-05,-2.0451187330754705,5.807955980616413,386.39438333333334,0.994388888888889,0,389
TRI165L,no_ping_pong_ho_count,0.0,25797.0,3639.2956298200515,6996.032668628849,48944473.10052209,1.6606495530121737,1.3265153016845241,1415686.0,0.0,0,389
TRI166L,ps_traffic_volume_gb,0.0,2290.9558,1664.604514395887,243.12401169652804,59109.2850634135,-1.478543689161914,7.020022759267611,647531.1561,1714.1165,0,389
TRI166L,ul_prb_util_%,0.0,0.20706666666666665,0.1480373907455013,0.020482967616244373,0.0004195519623681157,-0.6421576317112255,6.255432767720354,57.586545,0.1435,0,389
TRI166L,dl_prb_available_bandwidth,0.0,100.0,96.24061696658097,9.096509788925678,82.74649034002069,-5.630173007009546,47.03060022616541,37437.6,100.0,0,389
TRI166L,mean_no_rrc_users,0.0,583.1419,431.2200868894601,48.10814223148833,2314.393348965111,-3.340005559054858,24.361788850770836,167744.6138,436.4978,0,389
TRI166L,max_active_no_users_uplane,0.0,824.0,554.1748071979434,61.02023732899568,3723.469363686958,-1.8260416421483756,18.470387545697363,215574.0,555.0,0,389
TRI166L,rrc_success_rate_%,0.99668,1.0,0.9988205012853469,0.0003633823720982144,1.3204674835172517e-07,-0.6929941540943902,3.027595180118566,388.54117499999995,0.9988833333333332,0,389
TRI166L,erab_setup_success_rate_%,0.9914733333333333,1.0,0.9983435347043702,0.000755180814210485,5.70298062151611e-07,-2.8910514521270496,19.130794445064993,388.355635,0.9985666666666667,0,389
TRI166L,erab_drop_rate_%,0.0,0.0027500000000000003,0.0006306383890317053,0.0003161155215533215,9.992902296692846e-08,1.592559364219431,9.066379086063717,0.24531833333333336,0.0006799999999999999,0,389
TRI166L,rrc_drop_rate_%,0.0,0.012583333333333334,0.000968363324764353,0.0011047489674905816,1.220470281171506e-06,6.638842233195746,51.86319763747739,0.3766933333333333,0.0007533333333333333,0,389
TRI166L,cell_ul_bler_rate_%,0.0,0.060200000000000004,0.04164837617823479,0.004504988962980801,2.0294925556578827e-05,-0.3234793411313,23.86567751722614,16.201218333333333,0.04165,0,389
TRI166L,cell_dl_bler_rate_%,0.0,0.11599999999999999,0.09737333761782349,0.006997971882904505,4.8971610473922027e-05,-6.285651130572845,96.77538393300014,37.87822833333334,0.09599999999999999,0,389
TRI166L,dl_avg_mcs,8.005,10.47,9.15614733676976,0.6003449006172757,0.3604139996971667,-0.19497851084171394,-1.1004846980639502,3552.5851666666667,9.340333333333334,1,389
TRI166L,ul_avg_mcs,9.869166666666667,14.206666666666667,11.69023883161512,0.7822046714862231,0.6118441480948702,0.19083268340966,0.21364947192112993,4535.812666666667,11.861666666666668,1,389
TRI166L,avg_cqi,0.0,8.995613333333333,7.939405719794344,0.5534542972364881,0.30631165912953495,-7.673212752250128,108.2675862505442,3088.428825,8.060793333333333,0,389
TRI166L,avg_ta_km,0.33416666666666667,0.436,0.38638874570446735,0.02239563492923313,0.000501564463883487,-0.0809138703086246,-0.6116879666806243,149.91883333333334,0.3873333333333333,1,389
TRI166L,avg_rssi_dbm,-120.0,-84.23443999999999,-86.68461796915169,2.5552746927812398,6.529428755568259,-9.700114143174963,107.46087078233461,-33720.31639000001,-86.37030833333334,0,389
TRI166L,outgoing_ho_success_rate_%,0.9881533333333333,1.0,0.9953077292202228,0.0010853973923070901,1.1780874992270312e-06,-1.6146467211382534,9.975669349361652,387.1747066666667,0.9953266666666667,0,389
TRI166L,intra_rat_ho_success_rate_%,0.9909866666666667,1.0,0.9962190359897174,0.0009321016083071898,8.688134082088499e-07,-1.313767290594715,5.297805514552579,387.52920500000005,0.99634,0,389
TRI166L,no_ping_pong_ho_count,0.0,64904.0,8173.958868894601,15564.743804818763,242261249.70964405,1.7888532416999756,2.274222216415038,3179670.0,0.0,0,389
TRI183L,ps_traffic_volume_gb,0.0,1993.8536,1608.110148329049,204.27149810765778,41726.84493914683,-4.986392932413548,37.64875871184567,625554.8477,1611.6801,0,389
TRI183L,ul_prb_util_%,0.0,0.19955,0.1496231790916881,0.021662318971446878,0.00046925606322070724,-3.0697408653028666,21.99322334729022,58.20341666666667,0.14914166666666667,0,389
TRI183L,dl_prb_available_bandwidth,0.0,100.0,95.85925449871465,11.412441967400767,130.2438316592903,-6.391757618038007,49.98624915971788,37289.25,100.0,0,389
TRI183L,mean_no_rrc_users,0.0,458.64979999999997,393.4992688946015,48.82921784442416,2384.2925152982302,-5.509869537372148,41.710525020542626,153071.2156,399.9177,0,389
TRI183L,max_active_no_users_uplane,0.0,732.0,463.6478149100257,64.9156619912288,4214.043171759468,-3.6218283900757084,26.079027543294778,180359.0,467.0,0,389
TRI183L,rrc_success_rate_%,0.9973333333333333,1.0,0.999313560411311,0.0002792736982456294,7.799379853179088e-08,-2.581136103396267,13.194592390924102,388.732975,0.9993500000000001,0,389
TRI183L,erab_setup_success_rate_%,0.993725,1.0,0.9990158740359898,0.0006636860831070966,4.4047921691004e-07,-3.7854187996439057,20.89669716264585,388.61717500000003,0.9991833333333333,0,389
TRI183L,erab_drop_rate_%,0.0,0.001575,0.00029901456726649523,0.00018787932249614934,3.5298639821612084e-08,2.504697639444637,13.109722319380067,0.11631666666666665,0.0003,0,389
TRI183L,rrc_drop_rate_%,0.0,0.028758333333333334,0.0009568123393316195,0.002484596087752416,6.173217719274611e-06,8.7630331002223,83.51576598479042,0.3722,0.0005916666666666667,0,389
TRI183L,cell_ul_bler_rate_%,0.0,0.10489166666666666,0.06620974721508141,0.00970247110003959,9.413794544710346e-05,-1.6081444056666072,25.734181566917258,25.755591666666668,0.06559166666666667,0,389
TRI183L,cell_dl_bler_rate_%,0.0,0.10713333333333334,0.08279961439588689,0.012608567450231277,0.00015897597314703166,-2.3325752337238894,17.505361484785332,32.20905,0.079725,0,389
TRI183L,dl_avg_mcs,9.138333333333334,10.575000000000001,9.853404761904763,0.23258454292963743,0.05409556960978836,-0.21159890204839363,0.39903686189854426,3793.560833333334,9.861666666666666,4,389
TRI183L,ul_avg_mcs,11.415,15.588333333333333,13.654339826839827,0.7995401254544862,0.6392644122117755,-0.4815569664406049,-0.24651745333607344,5256.920833333334,13.7725,4,389
TRI183L,avg_cqi,0.0,10.357233333333333,9.657801049700085,1.0187797575962658,1.0379121944879062,-8.815169277130302,81.54166168182739,3756.8846083333333,9.807908333333334,0,389
TRI183L,avg_ta_km,0.3075,0.4141666666666666,0.3524199134199134,0.017288813569625364,0.00029890307464526213,0.16896753609797358,0.789166825522472,135.68166666666667,0.35250000000000004,4,389
TRI183L,avg_rssi_dbm,-87.912325,-80.39360833333333,-86.50578494001714,0.7707198654627072,0.5940091110188535,3.8747638621568954,25.091766295361175,-33650.750341666666,-86.5951,0,389
TRI183L,outgoing_ho_success_rate_%,0.9500916666666667,1.0,0.9942265209940018,0.0066463453174192754,4.417390607838113e-05,-2.9191343956117612,11.179803062260495,386.7541166666667,0.9970583333333334,0,389
TRI183L,intra_rat_ho_success_rate_%,0.9094666666666668,1.0,0.9945277849185947,0.007365964072500381,5.42574267173664e-05,-5.335314050797466,47.917382910231034,386.87130833333333,0.9970916666666666,0,389
TRI183L,no_ping_pong_ho_count,0.0,46376.0,6112.203084832905,11995.104103809505,143882522.4612276,1.7151547329480186,1.442328552973442,2377647.0,0.0,0,389
TRI194L,ps_traffic_volume_gb,13.4453,1437.2979,860.0443538659794,311.0805707893996,96771.12152265866,-0.15539955273714195,-1.1994725170316771,333697.2093,896.0821,0,388
TRI194L,ul_prb_util_%,0.020844444444444443,0.21031111111111112,0.12180130297823598,0.024935366323200845,0.0006217724936722188,-0.3004514092379454,0.5781602542995228,47.25890555555556,0.12259722222222222,0,388
TRI194L,dl_prb_available_bandwidth,1.1111111111111112,100.0,95.85008591065291,10.979644189317192,120.55258652400678,-6.065377124941979,45.67982129530434,37189.83333333333,100.0,0,388
TRI194L,mean_no_rrc_users,12.7636,463.1862,271.3525162371134,99.7803621303086,9956.120666855524,-0.02304920919262941,-0.9997920791156285,105284.7763,267.4108,0,388
TRI194L,max_active_no_users_uplane,39.0,855.0,334.64948453608247,125.73221544112555,15808.589999733611,0.46528723977473735,0.4717396050295237,129844.0,333.5,0,388
TRI194L,rrc_success_rate_%,0.9928499999999999,0.9999,0.9990977090492554,0.0004735874794554047,2.2428510069692337e-07,-6.995781097660568,81.8256097677802,387.6499111111111,0.9991805555555555,0,388
TRI194L,erab_setup_success_rate_%,0.9932111111111112,0.9999555555555557,0.9987773052691867,0.0006758728987788902,4.568041753037799e-07,-3.3323986642035304,18.44329159854022,387.52559444444444,0.998925,0,388
TRI194L,erab_drop_rate_%,4.4444444444444447e-05,0.0028,0.00045297823596792666,0.00021923641815937853,4.8064607047353884e-08,3.416863472816476,34.06618516038603,0.17575555555555555,0.00046666666666666666,0,388
TRI194L,rrc_drop_rate_%,5.555555555555556e-05,0.013533333333333333,0.0006638029782359678,0.0008464156818191419,7.16419506429363e-07,10.854058700632072,147.97671824513017,0.25755555555555554,0.0005444444444444444,0,388
TRI194L,cell_ul_bler_rate_%,0.004288888888888889,0.09361666666666667,0.058361827033218794,0.008240510838651119,6.790601888192656e-05,-1.7917435625722125,19.99310457569263,22.64438888888889,0.058769444444444444,0,388
TRI194L,cell_dl_bler_rate_%,0.01171111111111111,0.10778333333333334,0.08970534077892325,0.009778537601389596,9.56197976217902e-05,-4.948230248482748,38.66642955010908,34.80567222222222,0.08975,0,388
TRI194L,dl_avg_mcs,6.555,12.53,7.892719072164948,0.5882921726269519,0.34608768037413934,2.3616026508831154,17.08300197561813,3062.375,7.933333333333334,0,388
TRI194L,ul_avg_mcs,9.62,16.641666666666666,14.84391609392898,0.8517588310395485,0.7254931062538581,-1.3204606083442454,6.372049269770258,5759.439444444444,14.875833333333333,0,388
TRI194L,avg_cqi,0.9067999999999999,10.0962,9.072495403780069,0.8952850888961759,0.8015353903998336,-7.640865030938838,67.4913536134271,3520.128216666667,9.120505555555555,0,388
TRI194L,avg_ta_km,0.3183333333333333,0.758888888888889,0.5312428407789233,0.12398701801944935,0.015372780637355256,-0.05343594689118364,-1.4778637718640788,206.12222222222223,0.5266666666666667,0,388
TRI194L,avg_rssi_dbm,-119.14806666666667,-84.7320111111111,-88.52560635738831,3.340004828660933,11.155632255478348,-7.115841502364322,58.68574889829103,-34347.93526666667,-88.26519444444445,0,388
TRI194L,outgoing_ho_success_rate_%,0.9904666666666666,0.9996333333333334,0.9965538516609393,0.001476494743034336,2.18003672620803e-06,-0.3381629287691303,-0.028022170990622985,386.6628944444445,0.9965611111111111,0,388
TRI194L,intra_rat_ho_success_rate_%,0.9850166666666667,0.9995777777777778,0.995881987399771,0.0017921943011354289,3.2119604130223085e-06,-1.3440993849684542,3.9480713408138484,386.4022111111111,0.9961805555555556,0,388
TRI194L,no_ping_pong_ho_count,0.0,56553.0,7932.984536082474,15152.546067251329,229599652.3201737,1.618867960825374,1.1737314074475447,3077998.0,0.0,0,388
TRI209L,ps_traffic_volume_gb,280.4346,1916.0546,1257.196522107969,210.0392427537348,44116.483496562345,-0.20784997685773213,0.16723568066175343,489049.4471,1275.1639,0,389
TRI209L,ul_prb_util_%,0.11932222222222223,0.24356666666666668,0.16510946872322196,0.0301553149886801,0.0009093430220665147,0.5568501643564349,-0.9121261230862294,64.22758333333334,0.1557,0,389
TRI209L,dl_prb_available_bandwidth,59.0,100.0,96.78620394173092,5.82814642260735,33.96729072335086,-1.7918770684294336,4.2123447034755745,37649.83333333333,100.0,0,389
TRI209L,mean_no_rrc_users,215.5317,465.8032,314.8987655526992,37.422670607940425,1400.4562754304081,0.1656780585107836,0.012075581194693541,122495.6198,313.7796,0,389
TRI209L,max_active_no_users_uplane,219.0,499.0,336.81748071979433,42.38696433083244,1796.6547451832614,0.13059331874897817,0.34744093959239386,131022.0,343.0,0,389
TRI209L,rrc_success_rate_%,0.9955666666666666,0.9997222222222223,0.9985099828620394,0.0008525647914651238,7.2686672364597e-07,-0.9169757417295845,0.25520704836456654,388.42038333333335,0.9989,0,389
TRI209L,erab_setup_success_rate_%,0.9954833333333334,0.9995666666666667,0.9983532419308769,0.000965313471642809,9.318300985350922e-07,-0.7266587878330113,-0.5933044077644727,388.3594111111111,0.9988333333333332,0,389
TRI209L,erab_drop_rate_%,0.00011666666666666667,0.0018166666666666667,0.0005174807197943445,0.0003210708197341435,1.0308647128475485e-07,1.7067161962560358,3.050011838224786,0.2013,0.0004555555555555555,0,389
TRI209L,rrc_drop_rate_%,0.00025555555555555553,0.026566666666666666,0.0013781491002570695,0.0018006709030645082,3.2424157011431517e-06,8.738039157923772,104.95975106375835,0.5361,0.0009444444444444445,0,389
TRI209L,cell_ul_bler_rate_%,0.04984444444444444,0.08141666666666666,0.060597914881462434,0.005326731616587164,2.8374069715149296e-05,1.5307018379384567,3.4174888237634526,23.572588888888887,0.06016666666666667,0,389
TRI209L,cell_dl_bler_rate_%,0.07241666666666667,0.09371666666666667,0.0828602684947158,0.0037310696945465458,1.3920881065563654e-05,-0.4550929647240572,1.743426851091658,32.232644444444446,0.08343333333333333,0,389
TRI209L,dl_avg_mcs,8.235,10.714444444444444,9.577110825478435,0.6214486134190402,0.3861983791204477,-0.38455035575674495,-1.22517993255292,3725.4961111111115,9.83,0,389
TRI209L,ul_avg_mcs,11.43,16.54888888888889,14.047002285061412,1.1545713606847505,1.3330350269134361,-0.4187920073967391,-0.8052496479034801,5464.283888888889,14.365555555555554,0,389
TRI209L,avg_cqi,8.773444444444443,9.813044444444444,9.38631421022565,0.2063746723854093,0.04259050540218502,0.02080149819202631,-1.0648904293158146,3651.276227777778,9.365855555555555,0,389
TRI209L,avg_ta_km,0.46444444444444444,0.6077777777777778,0.5390674093116252,0.027329411674581448,0.0007468967424787487,-0.05631072133540857,-0.2319902673906422,209.69722222222222,0.5388888888888889,0,389
TRI209L,avg_rssi_dbm,-93.12567777777777,-83.7812,-86.5463854755784,1.5058353848377086,2.26754020622933,-0.10760095700350304,-0.13581761259677805,-33666.54395,-86.87235555555556,0,389
TRI209L,outgoing_ho_success_rate_%,0.9916111111111111,0.99885,0.9973645672664954,0.0008065182387032836,6.504716693610467e-07,-2.350240041855539,10.575248842742845,387.9748166666667,0.9975,0,389
TRI209L,intra_rat_ho_success_rate_%,0.9924333333333334,0.9992555555555556,0.9976090688374751,0.0009512813662318643,9.049362377399623e-07,-1.9955559424469875,6.188189975493376,388.0699277777778,0.9977999999999999,0,389
TRI209L,no_ping_pong_ho_count,0.0,35635.0,5963.131105398457,10756.372353732857,115699546.2121485,1.3644929279838072,0.13892326565669633,2319658.0,0.0,0,389
TRI231L,ps_traffic_volume_gb,1653.2633,3231.0221,2172.1074781491,276.58476995654644,76499.1349719157,0.46948173002819654,-0.37085247076824945,844949.8089999999,2130.6018,0,389
TRI231L,ul_prb_util_%,0.12662666666666667,0.2549,0.16690087403598972,0.02260033194166111,0.0005107750038732675,1.2171553611235284,1.5430908593775001,64.92444,0.16146,0,389
TRI231L,dl_prb_available_bandwidth,81.0,100.0,96.93778920308485,5.431396321822371,29.500066004705584,-1.2683625466222053,-0.27953451606610136,37708.8,100.0,0,389
TRI231L,mean_no_rrc_users,393.0713,866.8871,521.7339473007712,68.67505556841562,4716.263257324973,0.6914737174483121,0.9560924720800519,202954.5055,521.4538,0,389
TRI231L,max_active_no_users_uplane,397.0,908.0,586.2956298200514,67.47716304349714,4553.1675323986965,0.5241121416292053,2.0309069757964453,228069.0,595.0,0,389
TRI231L,rrc_success_rate_%,0.9900866666666667,0.9997866666666667,0.9989703299057413,0.0005991946064438789,3.5903417639143496e-07,-8.676708255514427,124.46551215728304,388.59945833333336,0.9990916666666667,0,389
TRI231L,erab_setup_success_rate_%,0.9738533333333332,0.9997,0.9988029777206512,0.001477889977787232,2.184158786443945e-06,-12.930571055120959,211.21708531883073,388.53435833333333,0.9989916666666666,0,389
TRI231L,erab_drop_rate_%,5e-05,0.0025166666666666666,0.0003887017994858611,0.00029467988177995553,8.683623272584857e-08,2.872238080086369,13.097852026735199,0.15120499999999998,0.00034,0,389
TRI231L,rrc_drop_rate_%,0.00018666666666666666,0.05708333333333334,0.0015010668380462725,0.005056193923334678,2.5565096990366527e-05,7.9330661063879315,68.91466697764352,0.583915,0.0006133333333333334,0,389
TRI231L,cell_ul_bler_rate_%,0.061349999999999995,0.08853333333333334,0.0662705998286204,0.004181955717102376,1.748875361980525e-05,3.4949972786437935,13.84241668003713,25.779263333333333,0.06570666666666666,0,389
TRI231L,cell_dl_bler_rate_%,0.07583333333333334,0.09805833333333334,0.08095898029134532,0.0034913608445506497,1.2189600546861426e-05,2.8336463286724007,9.454061054936401,31.493043333333333,0.08022666666666667,0,389
TRI231L,dl_avg_mcs,8.353333333333333,10.166666666666666,9.19199443016281,0.4601535177744643,0.21174125992021423,-0.3244846527852832,-1.3163861788150197,3575.685833333333,9.349333333333334,0,389
TRI231L,ul_avg_mcs,10.638333333333334,15.229999999999999,13.547492287917738,1.084359268016812,1.175835022133956,-1.011996689090448,0.0553815699774427,5269.9745,14.028666666666668,0,389
TRI231L,avg_cqi,8.607908333333333,9.749406666666665,9.283048706083976,0.25509345324308574,0.06507266988748238,-0.5896656293386282,-0.41403002648585385,3611.1059466666666,9.335479999999999,0,389
TRI231L,avg_ta_km,0.376,0.5316666666666666,0.4627609254498715,0.028929415000849782,0.0008369110522913924,-0.6892505197084718,0.2562978748733431,180.014,0.4666666666666666,0,389
TRI231L,avg_rssi_dbm,-86.98876666666666,-82.81930833333332,-84.99114188089118,0.8690105795264718,0.7551793873289343,0.34085491637217896,-0.6635860818897945,-33061.55419166667,-85.07368,0,389
TRI231L,outgoing_ho_success_rate_%,0.9629666666666666,0.9969933333333334,0.9942654370179949,0.0029486611539170236,8.694602600619274e-06,-6.462065409786982,61.80150564146219,386.769255,0.9949083333333334,0,389
TRI231L,intra_rat_ho_success_rate_%,0.9670916666666667,0.9980266666666666,0.9950968380462725,0.002999753681524571,8.998522149820217e-06,-4.514903186763024,35.1519934565299,387.09267,0.9959533333333332,0,389
TRI231L,no_ping_pong_ho_count,0.0,27607.0,5084.383033419023,9128.528335779763,83330029.57713406,1.3218270112269819,-0.07543067002677928,1977825.0,0.0,0,389
TRI435L,ps_traffic_volume_gb,701.1360000000001,1134.8395,896.9252424164524,71.0147106818625,5043.089133228635,0.42425986683953404,0.20403820195253441,348903.9193,893.1254,0,389
TRI435L,ul_prb_util_%,0.12371666666666666,0.20151666666666668,0.15434455869751498,0.01600435090687879,0.00025613924795051196,0.8051215140382386,-0.3110676849956455,60.040033333333334,0.14915,0,389
TRI435L,dl_prb_available_bandwidth,86.5,100.0,97.03470437017995,5.326645114205285,28.373148172687035,-1.244974534879555,-0.4503495856668849,37746.5,100.0,0,389
TRI435L,mean_no_rrc_users,178.2617,275.5597,215.15583316195372,12.451426037818457,155.03801037526344,0.7696790477654523,2.876863982212827,83695.6191,214.5683,0,389
TRI435L,max_active_no_users_uplane,188.0,363.0,259.43187660668383,21.5782826061797,465.6222802321575,1.1343085421870562,4.955105147020327,100919.0,258.0,0,389
TRI435L,rrc_success_rate_%,0.9882,0.9995666666666666,0.9991113538988861,0.0006168805198335265,3.805415757500819e-07,-14.400613737612584,253.33555131246808,388.65431666666666,0.9992333333333333,0,389
TRI435L,erab_setup_success_rate_%,0.9865833333333334,0.99945,0.998191002570694,0.0009739507499257291,9.4858006328089e-07,-6.940542776328793,66.51410033810943,388.2963,0.9983666666666666,0,389
TRI435L,erab_drop_rate_%,0.00018333333333333334,0.0016166666666666666,0.0008347043701799486,0.00033027957672837773,1.0908459880387637e-07,-0.151440494726074,-0.9796842979880198,0.3247,0.0009000000000000001,0,389
TRI435L,rrc_drop_rate_%,0.00019999999999999998,0.0036666666666666666,0.0006720222793487575,0.0003701653148622836,1.3702236032709355e-07,3.4377480640658193,19.513454903448014,0.2614166666666667,0.0005666666666666667,0,389
TRI435L,cell_ul_bler_rate_%,0.05711666666666667,0.07171666666666666,0.0628083976006855,0.0021883505946024423,4.788878324896863e-06,0.17853297429231407,0.27348408746821784,24.432466666666663,0.06280000000000001,0,389
TRI435L,cell_dl_bler_rate_%,0.09193333333333333,0.12595,0.10405188517566408,0.007318869729106961,5.3565854111638206e-05,1.4954837900131397,1.2065179491492914,40.476183333333324,0.10156666666666665,0,389
TRI435L,dl_avg_mcs,10.351666666666667,12.188333333333333,11.175154241645245,0.2708227551249072,0.07334496469344547,0.1827687607009978,0.47681100098861817,4347.135,11.176666666666668,0,389
TRI435L,ul_avg_mcs,12.168333333333335,16.133333333333333,14.277206512425021,0.9075182555842319,0.8235893842186472,-0.6432021018038371,-0.6913342509736524,5553.833333333333,14.553333333333333,0,389
TRI435L,avg_cqi,9.366316666666666,10.22565,9.823897472150815,0.19092460383237064,0.03645220434854768,-0.1896793229547846,-0.9755832216757363,3821.496116666667,9.839333333333334,0,389
TRI435L,avg_ta_km,0.2416666666666667,0.305,0.269528706083976,0.011581332060777513,0.00013412725230199313,0.889144408432889,0.35952305985514643,104.84666666666666,0.26666666666666666,0,389
TRI435L,avg_rssi_dbm,-89.2876,-86.00025,-87.62141658097687,0.6870101731642753,0.4719829780312075,0.4086745340845238,-0.662593621100553,-34084.73105,-87.71088333333334,0,389
TRI435L,outgoing_ho_success_rate_%,0.9806333333333334,0.9966499999999999,0.991073264781491,0.0031101355564846504,9.672943179710086e-06,-0.42438892977892484,-0.3306629964891905,385.52750000000003,0.9917333333333334,0,389
TRI435L,intra_rat_ho_success_rate_%,0.9670833333333334,0.9968333333333333,0.9888078406169666,0.006162410699906766,3.79753056343254e-05,-0.9875233954740882,-0.2602998659478546,384.64625,0.9916,0,389
TRI435L,no_ping_pong_ho_count,0.0,28303.0,5413.740359897172,9405.308311806968,88459824.44014525,1.274336480443349,-0.180359580548612,2105945.0,0.0,0,389
TRI695L,ps_traffic_volume_gb,748.9352,1427.2703999999999,1005.3291557840616,91.85396387346483,8437.150679267783,0.5349815426367915,1.7965350943797587,391073.0416,1002.2732,0,389
TRI695L,ul_prb_util_%,0.13768333333333332,0.29901666666666665,0.1816665381319623,0.017950039704255603,0.0003222039253843526,1.6616647777543325,8.91605512107431,70.66828333333333,0.18128333333333332,0,389
TRI695L,dl_prb_available_bandwidth,87.5,100.0,97.01928020565553,5.307819896895558,28.17295205788037,-1.2413986793153218,-0.4565136114230759,37740.5,100.0,0,389
TRI695L,mean_no_rrc_users,180.4487,435.1539,253.9126992287918,31.903815621426116,1017.853451205953,1.0657167394807643,5.2475095914495515,98772.04000000001,259.5568,0,389
TRI695L,max_active_no_users_uplane,200.0,491.0,297.7300771208226,42.011616523673325,1764.9759229321814,0.9504143683704074,3.196711120593495,115817.0,302.0,0,389
TRI695L,rrc_success_rate_%,0.9952333333333333,0.9994999999999999,0.9985285775492718,0.00039990273595361684,1.599221982231882e-07,-1.5299601753559215,11.800062469798034,388.4276166666667,0.9985333333333334,0,389
TRI695L,erab_setup_success_rate_%,0.9912,0.9994166666666667,0.9980664952870609,0.0008964595465210665,8.036397185487562e-07,-3.994843311378244,23.13831057521483,388.2478666666667,0.9982000000000001,0,389
TRI695L,erab_drop_rate_%,5e-05,0.0038499999999999997,0.00043916023993144815,0.00030901458644373703,9.549001463499383e-08,4.237612931770977,41.31217415566923,0.17083333333333334,0.00046666666666666666,0,389
TRI695L,rrc_drop_rate_%,0.00023333333333333333,0.011500000000000002,0.0010132819194515852,0.0007275845409610911,5.293792642455617e-07,8.546546344784161,113.18502216973246,0.39416666666666667,0.0009333333333333333,0,389
TRI695L,cell_ul_bler_rate_%,0.05329999999999999,0.07055,0.06317420736932304,0.0038157877979934285,1.4560236519315538e-05,-0.5805622645012193,-0.7356998599633391,24.574766666666665,0.0644,0,389
TRI695L,cell_dl_bler_rate_%,0.07515000000000001,0.12866666666666668,0.0909239502999143,0.009410129170441626,8.855053100439639e-05,0.9293633001372262,0.30379399684880104,35.369416666666666,0.08816666666666667,0,389
TRI695L,dl_avg_mcs,6.986666666666667,10.596666666666666,9.035621251071122,0.7517405297748818,0.56511382410622,0.03441476667670817,-1.138477629963944,3514.8566666666666,9.04,0,389
TRI695L,ul_avg_mcs,11.585,15.686666666666667,13.36207797772065,0.8010122743881817,0.6416206637205276,0.7040506950888208,0.2748879322389044,5197.848333333333,13.225,0,389
TRI695L,avg_cqi,8.51435,10.456533333333333,9.691251028277634,0.3124418594030649,0.09761991550724458,-0.49474576023147576,-0.14602113894224944,3769.8966499999997,9.776866666666667,0,389
TRI695L,avg_ta_km,0.21666666666666667,0.445,0.3188560411311054,0.047562713904190396,0.0022622117539318667,-0.23629496668451128,-0.6957037261403269,124.035,0.32666666666666666,0,389
TRI695L,avg_rssi_dbm,-88.9357,-84.96865000000001,-86.40001461011143,0.7090101605845978,0.5026954078121971,-0.3282919798944167,-0.1514071083388755,-33609.60568333334,-86.38578333333334,0,389
TRI695L,outgoing_ho_success_rate_%,0.8995833333333333,0.9955833333333333,0.9875994858611825,0.0080201899987376,6.432344761585062e-05,-4.0374147677561485,36.28845489822789,384.1762,0.9912,0,389
TRI695L,intra_rat_ho_success_rate_%,0.96785,0.99815,0.9893897172236504,0.00664337005152362,4.4134365641480934e-05,-1.1026044670517912,-0.21749318670213347,384.87260000000003,0.9926,0,389
TRI695L,no_ping_pong_ho_count,0.0,37762.0,5959.308483290489,10463.979042629662,109494857.40459278,1.3535592691027902,0.17081538408417662,2318171.0,0.0,0,389
TRI730L,ps_traffic_volume_gb,340.84000000000003,1153.4437,966.0117963917526,86.1326090558929,7418.8263427752845,-1.5962032335841718,10.518635288298304,374812.577,958.9033999999999,0,388
TRI730L,ul_prb_util_%,0.14923333333333333,0.3052333333333333,0.1979147766323024,0.01926057150148501,0.0003709696145638166,0.8680470964911324,2.0372425457177967,76.79093333333333,0.194625,0,388
TRI730L,dl_prb_available_bandwidth,49.0,100.0,96.893470790378,5.848328729911612,34.20294893310957,-2.302911660623139,10.447678216999808,37594.666666666664,100.0,0,388
TRI730L,mean_no_rrc_users,150.732,399.0571,268.3611337628866,27.850330495872438,775.6409087293223,0.5947543411692403,2.660084856354485,104124.1199,266.45195,0,388
TRI730L,max_active_no_users_uplane,218.0,890.0,305.02061855670104,57.951682517362194,3358.397506593143,5.237146407473287,38.43108097184399,118348.0,295.5,0,388
TRI730L,rrc_success_rate_%,0.9945166666666667,0.9996333333333333,0.9981475515463918,0.0011305644046307075,1.278175873017986e-06,-0.8287781085517414,-0.45264013770133893,387.28125,0.9987,0,388
TRI730L,erab_setup_success_rate_%,0.97255,0.9992666666666666,0.9979804123711341,0.0016384072963139694,2.684378468614851e-06,-10.865716042871908,156.59771208364404,387.2164,0.9983250000000001,0,388
TRI730L,erab_drop_rate_%,0.0002333333333333333,0.003683333333333333,0.000519029209621993,0.0002410189925245947,5.809015475757064e-08,7.425165486697923,84.20452002547755,0.2013833333333333,0.00048333333333333334,0,388
TRI730L,rrc_drop_rate_%,0.00023333333333333333,0.019766666666666665,0.0014607388316151201,0.001619252555441695,2.62197883830446e-06,7.994351590297668,77.13254012382083,0.5667666666666666,0.0011166666666666666,0,388
TRI730L,cell_ul_bler_rate_%,0.07435,0.08711666666666668,0.07941722508591065,0.0031204509312104255,9.737214014092011e-06,0.9202712280216643,-0.33138436498648494,30.813883333333333,0.07835,0,388
TRI730L,cell_dl_bler_rate_%,0.07966666666666666,0.09570000000000001,0.08923848797250859,0.003154977392556679,9.95388234754374e-06,0.2615364512320591,-0.9742012770300601,34.62453333333333,0.08835833333333333,0,388
TRI730L,dl_avg_mcs,8.133333333333333,9.865,8.885223367697595,0.3216901406478987,0.10348454659006483,0.007639218440661988,-0.4985345788630009,3447.4666666666667,8.91,0,388
TRI730L,ul_avg_mcs,9.663333333333334,14.406666666666666,12.489527491408934,1.3921662902537433,1.9381269797188698,-0.7991569168879786,-0.9386639226468612,4845.9366666666665,13.121666666666666,0,388
TRI730L,avg_cqi,7.9162333333333335,9.148916666666667,8.500597895189003,0.2713016237087363,0.07360457102699673,-0.3307895049090194,-1.2126597481546098,3298.231983333333,8.590150000000001,0,388
TRI730L,avg_ta_km,0.30666666666666664,0.375,0.3279553264604811,0.010241149634223613,0.00010488114583055845,0.7552170690083934,1.6439395459580601,127.24666666666667,0.32666666666666666,0,388
TRI730L,avg_rssi_dbm,-100.53500000000001,-80.36255,-82.42959299828179,1.3345961890640508,1.7811469878642874,-6.203217168458461,86.53319267555872,-31982.682083333333,-82.64840000000001,0,388
TRI730L,outgoing_ho_success_rate_%,0.9811666666666667,0.9975166666666667,0.9961493556701032,0.0013193529602727912,1.740692233780577e-06,-6.423914016924146,58.817984852349134,386.50595000000004,0.9964333333333334,0,388
TRI730L,intra_rat_ho_success_rate_%,0.9743666666666666,0.9974333333333334,0.9958459621993128,0.0014281281874283364,2.0395501197273454e-06,-9.368945302132985,133.5857828706952,386.38823333333335,0.9960333333333334,0,388
TRI730L,no_ping_pong_ho_count,0.0,26463.0,3476.646907216495,6169.689449512601,38065067.9034271,1.4096026139230098,0.4522484582339188,1348939.0,0.0,0,388
TRI809L,ps_traffic_volume_gb,446.0131,1295.36,850.6531508997431,178.14544207336465,31735.798531514516,0.3181595326931424,-0.5893648337548272,330904.07570000004,861.8646,0,389
TRI809L,ul_prb_util_%,0.09549999999999999,0.2059777777777778,0.14246286775207084,0.0218022081979012,0.0004753362823046303,0.4733036139206947,-0.3661436700707217,55.418055555555554,0.13685555555555556,0,389
TRI809L,dl_prb_available_bandwidth,42.0,100.0,96.88174807197943,6.001599722350654,36.01919922731944,-2.7865563478383186,16.77732395801187,37687.0,100.0,0,389
TRI809L,mean_no_rrc_users,104.2113,478.8257,271.23060257069403,59.585394079298084,3550.4191875852507,0.2848685497077327,0.18237086401626534,105508.70439999999,268.8345,0,389
TRI809L,max_active_no_users_uplane,189.0,625.0,334.02313624678663,79.04326089047984,6247.837092200461,0.5313027835028896,0.11466362474542136,129935.0,327.0,0,389
TRI809L,rrc_success_rate_%,0.9957666666666668,0.999288888888889,0.9984928449014567,0.00046068962447101474,2.122349300952446e-07,-1.7831667628784271,7.046671461180269,388.4137166666667,0.9985666666666667,0,389
TRI809L,erab_setup_success_rate_%,0.9873888888888889,0.9990444444444445,0.9980330619822908,0.0009930947181048778,9.862371191278065e-07,-6.326670453619813,58.71357645972489,388.2348611111111,0.9982666666666667,0,389
TRI809L,erab_drop_rate_%,0.00025,0.0016888888888888889,0.0008289345901171094,0.00024756677241209116,6.128930680254014e-08,-0.5037111601726213,0.5013122908470087,0.32245555555555555,0.0008888888888888889,0,389
TRI809L,rrc_drop_rate_%,0.0002888888888888889,0.013144444444444445,0.0009778349043130534,0.0010072541376611173,1.0145608978354408e-06,8.46299732212452,84.96222755601657,0.38037777777777776,0.0008111111111111111,0,389
TRI809L,cell_ul_bler_rate_%,0.051944444444444446,0.09586666666666667,0.06375481291059698,0.006084759669025435,3.7024300229798525e-05,1.905648695501383,6.4319499893712155,24.800622222222223,0.06311111111111112,0,389
TRI809L,cell_dl_bler_rate_%,0.0789,0.11786666666666668,0.09262136532419309,0.006687107794000764,4.4717410648585766e-05,0.9390527384765962,1.4316425354427436,36.02971111111111,0.09118888888888889,0,389
TRI809L,dl_avg_mcs,6.06,8.028888888888888,7.109128820337047,0.46754555513686324,0.21859884612823763,-0.24264314378259572,-1.2525748701241592,2765.4511111111115,7.225555555555555,0,389
TRI809L,ul_avg_mcs,10.423333333333334,14.776666666666667,13.4206783776064,0.8356010424978253,0.6982291022234524,-0.6936302743399474,-0.19639116131506285,5220.64388888889,13.672222222222222,0,389
TRI809L,avg_cqi,7.234377777777777,8.902999999999999,8.337495172807769,0.27069272662005084,0.07327455224499758,-0.17201156908968926,0.313742689911209,3243.285622222222,8.325577777777777,0,389
TRI809L,avg_ta_km,0.5133333333333333,0.8444444444444444,0.6026992287917737,0.054676923934344514,0.002989566010922096,0.6450674249690485,1.5023254357352718,234.45,0.6044444444444443,0,389
TRI809L,avg_rssi_dbm,-96.95206666666667,-84.11643333333333,-86.63420341331049,1.0685281846778532,1.1417524814509483,-2.4107789499417653,21.4348513055159,-33700.70512777778,-86.55002222222222,0,389
TRI809L,outgoing_ho_success_rate_%,0.9729,0.9979333333333334,0.9931833190516995,0.006018159982107676,3.6218249570242264e-05,-1.3149412668059126,0.4064764885007941,386.3483111111111,0.9965,0,389
TRI809L,intra_rat_ho_success_rate_%,0.9719666666666668,0.9978,0.9920344901456726,0.00602109212252332,3.625355034791238e-05,-1.1455422829438482,0.030456891152708554,385.90141666666665,0.9950111111111111,0,389
TRI809L,no_ping_pong_ho_count,0.0,66398.0,8382.077120822622,16273.025527820222,264811359.8290886,1.862952767219213,2.494730633637893,3260628.0,0.0,0,389
TRI825L,ps_traffic_volume_gb,247.95589999999999,1619.6941,1270.6560107049609,122.00245602176429,14884.59927534253,-2.165479352454872,17.01742501296946,486661.2521,1268.0528,0,383
TRI825L,ul_prb_util_%,0.16441666666666666,0.2629166666666667,0.20757389033942558,0.01809712179805486,0.00032750581737363234,0.3261155712982762,-0.6555511433115822,79.5008,0.2053,0,383
TRI825L,dl_prb_available_bandwidth,86.0,100.0,96.9373368146214,5.357994487750202,28.70810493076155,-1.2029709602813325,-0.5401829549926309,37127.0,100.0,0,383
TRI825L,mean_no_rrc_users,212.8382,388.5265,323.68015744125324,20.15112545639479,406.0678571593621,0.011190027535115435,2.448396739171614,123969.5003,323.0409,0,383
TRI825L,max_active_no_users_uplane,254.0,432.0,334.4151436031332,26.789024094874453,717.651811955764,0.2984247172633859,1.5639748473109925,128081.0,334.0,0,383
TRI825L,rrc_success_rate_%,0.9975166666666667,0.99985,0.999154134029591,0.0003610463230333451,1.303544473758986e-07,-0.6975716989739669,1.9739183387202766,382.67603333333335,0.9991833333333333,0,383
TRI825L,erab_setup_success_rate_%,0.9943166666666667,0.99965,0.9988144038294168,0.0005718789006280529,3.270454769835504e-07,-3.166970491331393,16.09543425069879,382.54591666666664,0.9989499999999999,0,383
TRI825L,erab_drop_rate_%,3.3333333333333335e-05,0.0012,0.00030865970409051346,0.00016102493838928997,2.592903078327463e-08,0.6099268972664046,1.728081278440667,0.11821666666666666,0.00031666666666666665,0,383
TRI825L,rrc_drop_rate_%,0.00015,0.005333333333333333,0.0009274586597040905,0.0005414396860605652,2.9315693364136345e-07,3.178912174516245,18.56088734635035,0.3552166666666667,0.0008333333333333334,0,383
TRI825L,cell_ul_bler_rate_%,0.06003333333333333,0.07206666666666667,0.06535870322019147,0.0021193524277545632,4.491654713029161e-06,0.09332968118376136,-0.343697992882241,25.032383333333332,0.06535,0,383
TRI825L,cell_dl_bler_rate_%,0.07268333333333334,0.08451666666666667,0.07799656222802437,0.0027379840485133125,7.496556649913349e-06,0.779790136903675,-0.7091290907853662,29.872683333333335,0.07703333333333333,0,383
TRI825L,dl_avg_mcs,10.016666666666667,11.556666666666667,10.712985204525673,0.27255560311688765,0.07428655679041038,0.03778400538851676,-0.36331884546770077,4103.073333333333,10.735,0,383
TRI825L,ul_avg_mcs,11.473333333333334,16.255,14.1959181897302,1.088958989539383,1.1858316808986342,-0.38670911152745013,-0.9204570850758627,5437.036666666667,14.455,0,383
TRI825L,avg_cqi,9.287866666666666,10.4506,9.989261879895562,0.278134475173629,0.07735878628011003,-0.5223646286261688,-0.9038292728830766,3825.8873000000003,10.05695,0,383
TRI825L,avg_ta_km,0.42,0.5883333333333334,0.47039164490861624,0.015880876350964614,0.00025220223367462716,1.6720419151708918,8.177186611562153,180.16000000000003,0.46833333333333327,0,383
TRI825L,avg_rssi_dbm,-93.48531666666668,-83.55051666666667,-85.34028803307224,0.6111979071603881,0.3735628817172384,-5.9539389354430945,81.90535040889965,-32685.330316666666,-85.37291666666665,0,383
TRI825L,outgoing_ho_success_rate_%,0.9937833333333334,0.9987333333333334,0.9976852045256747,0.0005295391409576003,2.8041170180611325e-07,-2.059431712090066,10.480175195476285,382.1134333333334,0.99775,0,383
TRI825L,intra_rat_ho_success_rate_%,0.98725,0.9987666666666666,0.997485770234987,0.0009664047803804638,9.339381995422125e-07,-4.963479849645123,43.550368383804546,382.03705,0.9976333333333334,0,383
TRI825L,no_ping_pong_ho_count,0.0,26527.0,5168.054830287207,8844.548635461766,78226040.56504859,1.2320059342490277,-0.29402113070019853,1979365.0,0.0,0,383
TRI878L,ps_traffic_volume_gb,0.0,4024.416,3068.37195681234,355.34585607954074,126270.67743290169,-2.041904814403742,16.770190917621342,1193596.6912000002,3061.8835,0,389
TRI878L,ul_prb_util_%,0.0,0.380125,0.2705971336760925,0.046333037517632895,0.0021467503656103777,0.023209800550347263,1.701943612705187,105.26228499999999,0.25110666666666664,0,389
TRI878L,dl_prb_available_bandwidth,0.0,100.0,96.26169665809769,9.001266830814538,81.022804559522,-5.768650020122252,48.622166111461794,37445.8,100.0,0,389
TRI878L,mean_no_rrc_users,0.0,1196.5686,833.683849614396,78.24993500816069,6123.052328781372,-3.836712760000159,39.60495882464807,324303.0175,833.7316,0,389
TRI878L,max_active_no_users_uplane,0.0,1445.0,952.0771208226221,88.61208881677757,7852.102284472478,-2.1537729795554204,38.69353272119723,370358.0,953.0,0,389
TRI878L,rrc_success_rate_%,0.97022,1.0,0.9990052656383892,0.001547160856600235,2.393706716195973e-06,-16.902578730888134,311.53359104996616,388.6130483333334,0.9991733333333334,0,389
TRI878L,erab_setup_success_rate_%,0.9682733333333334,1.0,0.9983705912596402,0.0026438838639493366,6.9901218860516734e-06,-8.053294004640083,80.49406951448375,388.36616000000004,0.9988866666666667,0,389
TRI878L,erab_drop_rate_%,0.0,0.00302,0.00043915595544130246,0.0003000088204355914,9.000529233915495e-08,3.4046202463315685,24.206134534530882,0.17083166666666666,0.0004666666666666666,0,389
TRI878L,rrc_drop_rate_%,0.0,0.058346666666666665,0.0012499957155098543,0.004292115588068978,1.8422256221344706e-05,11.013751100462278,131.49260904096366,0.48624833333333334,0.0006933333333333333,0,389
TRI878L,cell_ul_bler_rate_%,0.0,0.09786666666666666,0.06393635389888604,0.007129321330424874,5.08272226324511e-05,1.2825092386580368,27.892030173944228,24.871241666666666,0.06279166666666666,0,389
TRI878L,cell_dl_bler_rate_%,0.0,0.08991666666666666,0.07526964010282777,0.005243638838294899,2.7495748266474674e-05,-7.198413373513053,110.11133874499173,29.27989,0.07571333333333333,0,389
TRI878L,dl_avg_mcs,8.8175,10.180666666666667,9.513704896907218,0.37805667416301847,0.1429268488792027,-0.3517067605884718,-1.3343692418547255,3691.3175,9.636333333333333,1,389
TRI878L,ul_avg_mcs,9.99,15.015333333333333,12.80538445017182,1.2857278343651657,1.653096064061339,-0.49464012599253415,-0.9276660624245001,4968.489166666666,13.240666666666666,1,389
TRI878L,avg_cqi,0.0,9.803133333333333,9.330131709511567,0.5120484853118263,0.2621936513101356,-15.673623007222353,285.54112395011276,3629.421235,9.430546666666666,0,389
TRI878L,avg_ta_km,0.25333333333333335,0.328,0.2860983676975945,0.017163942072369195,0.00029460090746364536,0.26465324232014775,-1.2732327850426655,111.00616666666666,0.28,1,389
TRI878L,avg_rssi_dbm,-85.14044,-73.88753333333332,-83.45247423307626,1.133716079000595,1.2853121477844833,2.603466737772584,18.007751872572932,-32463.012476666667,-83.56648666666666,0,389
TRI878L,outgoing_ho_success_rate_%,0.99094,1.0,0.9962666966580978,0.0007863722623597863,6.183813350088486e-07,-1.3763961793922956,8.916407670079812,387.547745,0.9963583333333333,0,389
TRI878L,intra_rat_ho_success_rate_%,0.9908133333333333,1.0,0.996988324764353,0.0007862452275040457,6.181815577728886e-07,-1.701275902058725,10.696440532776514,387.8284583333333,0.9970583333333334,0,389
TRI878L,no_ping_pong_ho_count,0.0,48682.0,8363.557840616966,15278.532685960061,233433561.03594995,1.4109311875802142,0.29765575635611485,3253424.0,0.0,0,389
TRI882L,ps_traffic_volume_gb,777.7162,3130.6729,2375.27348251928,243.94570333512863,59509.50617567058,-0.4529399902817142,4.314548577820606,923981.3847,2336.6329,0,389
TRI882L,ul_prb_util_%,0.06912083333333334,0.14235,0.10561561696658099,0.009452216634764813,8.934439931052466e-05,0.49179243838411724,1.1158762986541113,41.084475000000005,0.105875,0,389
TRI882L,dl_prb_available_bandwidth,49.0,100.0,96.77249357326478,6.160046626136034,37.94617443616993,-2.559402141862871,11.846139663097826,37644.5,100.0,0,389
TRI882L,mean_no_rrc_users,197.29489999999998,792.1095,564.0311215938303,68.48047120653989,4689.574936669738,0.4595741245292532,2.2233971164873365,219408.10629999998,546.5609,0,389
TRI882L,max_active_no_users_uplane,489.0,982.0,733.6966580976864,66.10048203996932,4369.273725916308,0.2669353227015278,1.1137785549858057,285408.0,731.0,0,389
TRI882L,rrc_success_rate_%,0.9298166666666666,0.9996625,0.9976448479005998,0.006849806137313196,4.691984411877353e-05,-5.685307382908084,39.19518494156727,388.0838458333333,0.9994041666666668,0,389
TRI882L,erab_setup_success_rate_%,0.995225,0.9996458333333335,0.9989136032562125,0.00048774480810168715,2.3789499783015162e-07,-3.2880733121397854,18.08384394867963,388.57739166666664,0.9989833333333333,0,389
TRI882L,erab_drop_rate_%,5e-05,0.002170833333333333,0.0005538774635818337,0.0003336272548361345,1.1130714516949503e-07,0.7094275837814238,2.0642256880312457,0.2154583333333333,0.0005916666666666667,0,389
TRI882L,rrc_drop_rate_%,0.00012916666666666667,0.023933333333333334,0.0012874464438731791,0.002418394528132712,5.848632093702242e-06,4.87962337103506,30.224696653356368,0.5008166666666667,0.0006625,0,389
TRI882L,cell_ul_bler_rate_%,0.04784166666666667,0.08479166666666667,0.056775653384747216,0.005180543539811116,2.683803136787869e-05,1.7796711884444498,4.008138278600015,22.085729166666667,0.055108333333333336,0,389
TRI882L,cell_dl_bler_rate_%,0.0996625,0.12190000000000001,0.10610939374464438,0.005485278853891246,3.0088284104946455e-05,1.4198754592316603,0.5884695344227469,41.27655416666666,0.10404999999999999,0,389
TRI882L,dl_avg_mcs,8.745416666666666,10.82,9.835556983718938,0.2724425386344845,0.07422493685760256,0.02419060603997836,1.455167618989015,3826.0316666666668,9.8575,0,389
TRI882L,ul_avg_mcs,13.49125,17.110416666666666,15.969530848329049,0.6819629155478515,0.46507341818252596,-0.8001704989776136,-0.07602845222217613,6212.1475,16.197916666666668,0,389
TRI882L,avg_cqi,8.4241375,9.341391666666667,8.866907679948588,0.17902284034478078,0.03204917736511287,-0.35054127797137896,-0.8391860938577667,3449.2270875000004,8.901995833333332,0,389
TRI882L,avg_ta_km,0.2558333333333333,0.3279166666666667,0.29247750642673526,0.013671445042313199,0.00018690840954499016,0.04533514988922718,-0.44235676707287164,113.77375,0.29125,0,389
TRI882L,avg_rssi_dbm,-120.0,-120.0,-120.0,0.0,0.0,0.0,0.0,-46680.0,-120.0,0,389
TRI882L,outgoing_ho_success_rate_%,0.9834333333333333,0.9945375,0.9918514674378749,0.0017086150178284435,2.919365279148892e-06,-0.962192360740119,1.201023583716669,385.8302208333333,0.992325,0,389
TRI882L,intra_rat_ho_success_rate_%,0.9768708333333334,0.9950916666666667,0.99035485218509,0.0027131322923061355,7.3610868355543444e-06,-0.962806329020559,0.9625992263033045,385.2480375,0.9912708333333334,0,389
TRI882L,no_ping_pong_ho_count,0.0,86878.0,15133.488431876607,27563.58958578514,759751470.8536029,1.3917800343404723,0.15549184432943663,5886927.0,0.0,0,389
